{
    "val_loss": 0.0009996192529797554,
    "val_mae": 0.026992328464984894,
    "train_loss": 0.0012750037712976336,
    "train_mae": 0.02647319622337818,
    "epochs": 61,
    "model_name": "HCL_model.keras"
}