{
    "val_loss": 0.0006967223598621786,
    "val_mae": 0.02162138558924198,
    "train_loss": 0.0009370539337396622,
    "train_mae": 0.022277554497122765,
    "epochs": 58,
    "model_name": "HDFC_model.keras"
}