{
    "val_loss": 0.0002701189660001546,
    "val_mae": 0.012428229674696922,
    "train_loss": 0.00037848076317459345,
    "train_mae": 0.013195130042731762,
    "epochs": 58,
    "model_name": "TATA_model.keras"
}